id,name,address,district,city
1,Kofi,561 Le Duan,1,Ho Chi Minh
2,Kofi,739 Le Duan,1,Ho Chi Minh
3,Kofi,972 Le Duan,1,Ho Chi Minh
4,Kofi,804 Le Duan,1,Ho Chi Minh
5,Kofi,835 Le Duan,1,Ho Chi Minh
6,Kofi,398 Le Duan,1,Ho Chi Minh
7,Kofi,410 Le Duan,1,Ho Chi Minh
8,Kofi,332 Le Duan,1,Ho Chi Minh
9,Kofi,868 Le Duan,1,Ho Chi Minh
10,Kofi,391 Le Duan,1,Ho Chi Minh
11,Kofi,192 Nguyen Thi Minh Khai,1,Ho Chi Minh
12,Kofi,103 Nguyen Thi Minh Khai,1,Ho Chi Minh
13,Kofi,547 Nguyen Thi Minh Khai,1,Ho Chi Minh
14,Kofi,341 Nguyen Thi Minh Khai,1,Ho Chi Minh
15,Kofi,480 Nguyen Thi Minh Khai,1,Ho Chi Minh
16,Kofi,500 Nguyen Thi Minh Khai,1,Ho Chi Minh
17,Kofi,670 Nguyen Thi Minh Khai,1,Ho Chi Minh
18,Kofi,255 Nguyen Thi Minh Khai,1,Ho Chi Minh
19,Kofi,918 Nguyen Thi Minh Khai,1,Ho Chi Minh
20,Kofi,924 Nguyen Thi Minh Khai,1,Ho Chi Minh
21,Kofi,645 Ly Tu Trong,1,Ho Chi Minh
22,Kofi,240 Ly Tu Trong,1,Ho Chi Minh
23,Kofi,473 Ly Tu Trong,1,Ho Chi Minh
24,Kofi,765 Ly Tu Trong,1,Ho Chi Minh
25,Kofi,159 Ly Tu Trong,1,Ho Chi Minh
26,Kofi,203 Ly Tu Trong,1,Ho Chi Minh
27,Kofi,809 Ly Tu Trong,1,Ho Chi Minh
28,Kofi,847 Ly Tu Trong,1,Ho Chi Minh
29,Kofi,692 Ly Tu Trong,1,Ho Chi Minh
30,Kofi,908 Ly Tu Trong,1,Ho Chi Minh
31,Kofi,757 Nguyen Trai,1,Ho Chi Minh
32,Kofi,987 Nguyen Trai,1,Ho Chi Minh
33,Kofi,93 Nguyen Trai,1,Ho Chi Minh
34,Kofi,699 Nguyen Trai,1,Ho Chi Minh
35,Kofi,38 Nguyen Trai,1,Ho Chi Minh
36,Kofi,389 Nguyen Trai,1,Ho Chi Minh
37,Kofi,869 Nguyen Trai,1,Ho Chi Minh
38,Kofi,510 Nguyen Trai,1,Ho Chi Minh
39,Kofi,710 Nguyen Trai,1,Ho Chi Minh
40,Kofi,217 Nguyen Trai,1,Ho Chi Minh
41,Kofi,724 Hai Ba Trung,1,Ho Chi Minh
42,Kofi,837 Hai Ba Trung,1,Ho Chi Minh
43,Kofi,874 Hai Ba Trung,1,Ho Chi Minh
44,Kofi,69 Hai Ba Trung,1,Ho Chi Minh
45,Kofi,716 Hai Ba Trung,1,Ho Chi Minh
46,Kofi,235 Hai Ba Trung,1,Ho Chi Minh
47,Kofi,746 Hai Ba Trung,1,Ho Chi Minh
48,Kofi,202 Hai Ba Trung,1,Ho Chi Minh
49,Kofi,867 Hai Ba Trung,1,Ho Chi Minh
50,Kofi,434 Hai Ba Trung,1,Ho Chi Minh
51,Kofi,562 De Tham,1,Ho Chi Minh
52,Kofi,190 De Tham,1,Ho Chi Minh
53,Kofi,723 De Tham,1,Ho Chi Minh
54,Kofi,428 De Tham,1,Ho Chi Minh
55,Kofi,958 De Tham,1,Ho Chi Minh
56,Kofi,315 De Tham,1,Ho Chi Minh
57,Kofi,906 De Tham,1,Ho Chi Minh
58,Kofi,297 De Tham,1,Ho Chi Minh
59,Kofi,238 De Tham,1,Ho Chi Minh
60,Kofi,258 De Tham,1,Ho Chi Minh
61,Kofi,68 Pham Ngu Lao,1,Ho Chi Minh
62,Kofi,174 Pham Ngu Lao,1,Ho Chi Minh
63,Kofi,344 Pham Ngu Lao,1,Ho Chi Minh
64,Kofi,73 Pham Ngu Lao,1,Ho Chi Minh
65,Kofi,771 Pham Ngu Lao,1,Ho Chi Minh
66,Kofi,244 Pham Ngu Lao,1,Ho Chi Minh
67,Kofi,846 Pham Ngu Lao,1,Ho Chi Minh
68,Kofi,654 Pham Ngu Lao,1,Ho Chi Minh
69,Kofi,126 Pham Ngu Lao,1,Ho Chi Minh
70,Kofi,19 Pham Ngu Lao,1,Ho Chi Minh
71,Kofi,879 Le Loi,1,Ho Chi Minh
72,Kofi,1 Le Loi,1,Ho Chi Minh
73,Kofi,815 Le Loi,1,Ho Chi Minh
74,Kofi,470 Le Loi,1,Ho Chi Minh
75,Kofi,601 Le Loi,1,Ho Chi Minh
76,Kofi,72 Le Loi,1,Ho Chi Minh
77,Kofi,429 Le Loi,1,Ho Chi Minh
78,Kofi,160 Le Loi,1,Ho Chi Minh
79,Kofi,985 Le Loi,1,Ho Chi Minh
80,Kofi,290 Le Loi,1,Ho Chi Minh
81,Kofi,900 Nguyen Hue,1,Ho Chi Minh
82,Kofi,72 Nguyen Hue,1,Ho Chi Minh
83,Kofi,323 Nguyen Hue,1,Ho Chi Minh
84,Kofi,371 Nguyen Hue,1,Ho Chi Minh
85,Kofi,916 Nguyen Hue,1,Ho Chi Minh
86,Kofi,253 Nguyen Hue,1,Ho Chi Minh
87,Kofi,105 Nguyen Hue,1,Ho Chi Minh
88,Kofi,631 Nguyen Hue,1,Ho Chi Minh
89,Kofi,588 Nguyen Hue,1,Ho Chi Minh
90,Kofi,848 Nguyen Hue,1,Ho Chi Minh
91,Kofi,34 Dong Khoi,1,Ho Chi Minh
92,Kofi,909 Dong Khoi,1,Ho Chi Minh
93,Kofi,738 Dong Khoi,1,Ho Chi Minh
94,Kofi,319 Dong Khoi,1,Ho Chi Minh
95,Kofi,717 Dong Khoi,1,Ho Chi Minh
96,Kofi,823 Dong Khoi,1,Ho Chi Minh
97,Kofi,381 Dong Khoi,1,Ho Chi Minh
98,Kofi,82 Dong Khoi,1,Ho Chi Minh
99,Kofi,612 Dong Khoi,1,Ho Chi Minh
100,Kofi,851 Dong Khoi,1,Ho Chi Minh
101,Kofi,534 Nguyen Thi Dinh,2,Ho Chi Minh
102,Kofi,630 Nguyen Thi Dinh,2,Ho Chi Minh
103,Kofi,19 Nguyen Thi Dinh,2,Ho Chi Minh
104,Kofi,75 Nguyen Thi Dinh,2,Ho Chi Minh
105,Kofi,186 Nguyen Thi Dinh,2,Ho Chi Minh
106,Kofi,52 Nguyen Thi Dinh,2,Ho Chi Minh
107,Kofi,366 Nguyen Thi Dinh,2,Ho Chi Minh
108,Kofi,120 Nguyen Thi Dinh,2,Ho Chi Minh
109,Kofi,692 Nguyen Thi Dinh,2,Ho Chi Minh
110,Kofi,592 Nguyen Thi Dinh,2,Ho Chi Minh
111,Kofi,977 Mai Chi Tho,2,Ho Chi Minh
112,Kofi,225 Mai Chi Tho,2,Ho Chi Minh
113,Kofi,243 Mai Chi Tho,2,Ho Chi Minh
114,Kofi,845 Mai Chi Tho,2,Ho Chi Minh
115,Kofi,635 Mai Chi Tho,2,Ho Chi Minh
116,Kofi,800 Mai Chi Tho,2,Ho Chi Minh
117,Kofi,95 Mai Chi Tho,2,Ho Chi Minh
118,Kofi,257 Mai Chi Tho,2,Ho Chi Minh
119,Kofi,239 Mai Chi Tho,2,Ho Chi Minh
120,Kofi,263 Mai Chi Tho,2,Ho Chi Minh
121,Kofi,309 Luong Dinh Cua,2,Ho Chi Minh
122,Kofi,429 Luong Dinh Cua,2,Ho Chi Minh
123,Kofi,826 Luong Dinh Cua,2,Ho Chi Minh
124,Kofi,790 Luong Dinh Cua,2,Ho Chi Minh
125,Kofi,310 Luong Dinh Cua,2,Ho Chi Minh
126,Kofi,721 Luong Dinh Cua,2,Ho Chi Minh
127,Kofi,676 Luong Dinh Cua,2,Ho Chi Minh
128,Kofi,735 Luong Dinh Cua,2,Ho Chi Minh
129,Kofi,549 Luong Dinh Cua,2,Ho Chi Minh
130,Kofi,430 Luong Dinh Cua,2,Ho Chi Minh
131,Kofi,654 Do Xuan Hop,2,Ho Chi Minh
132,Kofi,774 Do Xuan Hop,2,Ho Chi Minh
133,Kofi,125 Do Xuan Hop,2,Ho Chi Minh
134,Kofi,643 Do Xuan Hop,2,Ho Chi Minh
135,Kofi,896 Do Xuan Hop,2,Ho Chi Minh
136,Kofi,965 Do Xuan Hop,2,Ho Chi Minh
137,Kofi,447 Do Xuan Hop,2,Ho Chi Minh
138,Kofi,578 Do Xuan Hop,2,Ho Chi Minh
139,Kofi,776 Do Xuan Hop,2,Ho Chi Minh
140,Kofi,722 Do Xuan Hop,2,Ho Chi Minh
141,Kofi,308 Nguyen Duy Trinh,2,Ho Chi Minh
142,Kofi,953 Nguyen Duy Trinh,2,Ho Chi Minh
143,Kofi,772 Nguyen Duy Trinh,2,Ho Chi Minh
144,Kofi,178 Nguyen Duy Trinh,2,Ho Chi Minh
145,Kofi,649 Nguyen Duy Trinh,2,Ho Chi Minh
146,Kofi,420 Nguyen Duy Trinh,2,Ho Chi Minh
147,Kofi,303 Nguyen Duy Trinh,2,Ho Chi Minh
148,Kofi,982 Nguyen Duy Trinh,2,Ho Chi Minh
149,Kofi,941 Nguyen Duy Trinh,2,Ho Chi Minh
150,Kofi,192 Nguyen Duy Trinh,2,Ho Chi Minh
151,Kofi,979 Vo Chi Cong,2,Ho Chi Minh
152,Kofi,873 Vo Chi Cong,2,Ho Chi Minh
153,Kofi,446 Vo Chi Cong,2,Ho Chi Minh
154,Kofi,981 Vo Chi Cong,2,Ho Chi Minh
155,Kofi,858 Vo Chi Cong,2,Ho Chi Minh
156,Kofi,80 Vo Chi Cong,2,Ho Chi Minh
157,Kofi,8 Vo Chi Cong,2,Ho Chi Minh
158,Kofi,310 Vo Chi Cong,2,Ho Chi Minh
159,Kofi,269 Vo Chi Cong,2,Ho Chi Minh
160,Kofi,702 Vo Chi Cong,2,Ho Chi Minh
161,Kofi,666 Thu Thiem,2,Ho Chi Minh
162,Kofi,482 Thu Thiem,2,Ho Chi Minh
163,Kofi,304 Thu Thiem,2,Ho Chi Minh
164,Kofi,52 Thu Thiem,2,Ho Chi Minh
165,Kofi,626 Thu Thiem,2,Ho Chi Minh
166,Kofi,41 Thu Thiem,2,Ho Chi Minh
167,Kofi,737 Thu Thiem,2,Ho Chi Minh
168,Kofi,724 Thu Thiem,2,Ho Chi Minh
169,Kofi,159 Thu Thiem,2,Ho Chi Minh
170,Kofi,59 Thu Thiem,2,Ho Chi Minh
171,Kofi,56 Le Van Thinh,2,Ho Chi Minh
172,Kofi,727 Le Van Thinh,2,Ho Chi Minh
173,Kofi,475 Le Van Thinh,2,Ho Chi Minh
174,Kofi,183 Le Van Thinh,2,Ho Chi Minh
175,Kofi,571 Le Van Thinh,2,Ho Chi Minh
176,Kofi,933 Le Van Thinh,2,Ho Chi Minh
177,Kofi,97 Le Van Thinh,2,Ho Chi Minh
178,Kofi,421 Le Van Thinh,2,Ho Chi Minh
179,Kofi,14 Le Van Thinh,2,Ho Chi Minh
180,Kofi,348 Le Van Thinh,2,Ho Chi Minh
181,Kofi,264 Truong Sa,3,Ho Chi Minh
182,Kofi,530 Truong Sa,3,Ho Chi Minh
183,Kofi,359 Truong Sa,3,Ho Chi Minh
184,Kofi,689 Truong Sa,3,Ho Chi Minh
185,Kofi,47 Truong Sa,3,Ho Chi Minh
186,Kofi,911 Truong Sa,3,Ho Chi Minh
187,Kofi,641 Truong Sa,3,Ho Chi Minh
188,Kofi,117 Truong Sa,3,Ho Chi Minh
189,Kofi,97 Truong Sa,3,Ho Chi Minh
190,Kofi,424 Truong Sa,3,Ho Chi Minh
191,Kofi,567 Vo Thi Sau,3,Ho Chi Minh
192,Kofi,425 Vo Thi Sau,3,Ho Chi Minh
193,Kofi,827 Vo Thi Sau,3,Ho Chi Minh
194,Kofi,387 Vo Thi Sau,3,Ho Chi Minh
195,Kofi,428 Vo Thi Sau,3,Ho Chi Minh
196,Kofi,253 Vo Thi Sau,3,Ho Chi Minh
197,Kofi,111 Vo Thi Sau,3,Ho Chi Minh
198,Kofi,810 Vo Thi Sau,3,Ho Chi Minh
199,Kofi,441 Vo Thi Sau,3,Ho Chi Minh
200,Kofi,120 Vo Thi Sau,3,Ho Chi Minh
201,Kofi,87 Dien Bien Phu,3,Ho Chi Minh
202,Kofi,482 Dien Bien Phu,3,Ho Chi Minh
203,Kofi,967 Dien Bien Phu,3,Ho Chi Minh
204,Kofi,179 Dien Bien Phu,3,Ho Chi Minh
205,Kofi,998 Dien Bien Phu,3,Ho Chi Minh
206,Kofi,604 Dien Bien Phu,3,Ho Chi Minh
207,Kofi,178 Dien Bien Phu,3,Ho Chi Minh
208,Kofi,438 Dien Bien Phu,3,Ho Chi Minh
209,Kofi,567 Dien Bien Phu,3,Ho Chi Minh
210,Kofi,48 Dien Bien Phu,3,Ho Chi Minh
211,Kofi,749 Cach Mang Thang Tam,3,Ho Chi Minh
212,Kofi,192 Cach Mang Thang Tam,3,Ho Chi Minh
213,Kofi,893 Cach Mang Thang Tam,3,Ho Chi Minh
214,Kofi,530 Cach Mang Thang Tam,3,Ho Chi Minh
215,Kofi,988 Cach Mang Thang Tam,3,Ho Chi Minh
216,Kofi,138 Cach Mang Thang Tam,3,Ho Chi Minh
217,Kofi,456 Cach Mang Thang Tam,3,Ho Chi Minh
218,Kofi,143 Cach Mang Thang Tam,3,Ho Chi Minh
219,Kofi,987 Cach Mang Thang Tam,3,Ho Chi Minh
220,Kofi,927 Cach Mang Thang Tam,3,Ho Chi Minh
221,Kofi,405 Ly Chinh Thang,3,Ho Chi Minh
222,Kofi,397 Ly Chinh Thang,3,Ho Chi Minh
223,Kofi,869 Ly Chinh Thang,3,Ho Chi Minh
224,Kofi,978 Ly Chinh Thang,3,Ho Chi Minh
225,Kofi,119 Ly Chinh Thang,3,Ho Chi Minh
226,Kofi,967 Ly Chinh Thang,3,Ho Chi Minh
227,Kofi,541 Ly Chinh Thang,3,Ho Chi Minh
228,Kofi,708 Ly Chinh Thang,3,Ho Chi Minh
229,Kofi,425 Ly Chinh Thang,3,Ho Chi Minh
230,Kofi,782 Ly Chinh Thang,3,Ho Chi Minh
231,Kofi,228 Nguyen Thien Thuat,3,Ho Chi Minh
232,Kofi,46 Nguyen Thien Thuat,3,Ho Chi Minh
233,Kofi,436 Nguyen Thien Thuat,3,Ho Chi Minh
234,Kofi,98 Nguyen Thien Thuat,3,Ho Chi Minh
235,Kofi,89 Nguyen Thien Thuat,3,Ho Chi Minh
236,Kofi,481 Nguyen Thien Thuat,3,Ho Chi Minh
237,Kofi,117 Nguyen Thien Thuat,3,Ho Chi Minh
238,Kofi,964 Nguyen Thien Thuat,3,Ho Chi Minh
239,Kofi,952 Nguyen Thien Thuat,3,Ho Chi Minh
240,Kofi,70 Nguyen Thien Thuat,3,Ho Chi Minh
241,Kofi,74 Le Van Sy,3,Ho Chi Minh
242,Kofi,292 Le Van Sy,3,Ho Chi Minh
243,Kofi,107 Le Van Sy,3,Ho Chi Minh
244,Kofi,196 Le Van Sy,3,Ho Chi Minh
245,Kofi,176 Le Van Sy,3,Ho Chi Minh
246,Kofi,858 Le Van Sy,3,Ho Chi Minh
247,Kofi,861 Le Van Sy,3,Ho Chi Minh
248,Kofi,316 Le Van Sy,3,Ho Chi Minh
249,Kofi,732 Le Van Sy,3,Ho Chi Minh
250,Kofi,16 Le Van Sy,3,Ho Chi Minh
251,Kofi,561 Nam Ky Khoi Nghia,3,Ho Chi Minh
252,Kofi,415 Nam Ky Khoi Nghia,3,Ho Chi Minh
253,Kofi,60 Nam Ky Khoi Nghia,3,Ho Chi Minh
254,Kofi,107 Nam Ky Khoi Nghia,3,Ho Chi Minh
255,Kofi,933 Nam Ky Khoi Nghia,3,Ho Chi Minh
256,Kofi,355 Nam Ky Khoi Nghia,3,Ho Chi Minh
257,Kofi,313 Nam Ky Khoi Nghia,3,Ho Chi Minh
258,Kofi,903 Nam Ky Khoi Nghia,3,Ho Chi Minh
259,Kofi,167 Nam Ky Khoi Nghia,3,Ho Chi Minh
260,Kofi,764 Nam Ky Khoi Nghia,3,Ho Chi Minh
261,Kofi,261 Ben Van Don,4,Ho Chi Minh
262,Kofi,58 Ben Van Don,4,Ho Chi Minh
263,Kofi,502 Ben Van Don,4,Ho Chi Minh
264,Kofi,540 Ben Van Don,4,Ho Chi Minh
265,Kofi,340 Ben Van Don,4,Ho Chi Minh
266,Kofi,483 Ben Van Don,4,Ho Chi Minh
267,Kofi,407 Ben Van Don,4,Ho Chi Minh
268,Kofi,172 Ben Van Don,4,Ho Chi Minh
269,Kofi,419 Ben Van Don,4,Ho Chi Minh
270,Kofi,585 Ben Van Don,4,Ho Chi Minh
271,Kofi,287 Nguyen Khoai,4,Ho Chi Minh
272,Kofi,619 Nguyen Khoai,4,Ho Chi Minh
273,Kofi,164 Nguyen Khoai,4,Ho Chi Minh
274,Kofi,885 Nguyen Khoai,4,Ho Chi Minh
275,Kofi,240 Nguyen Khoai,4,Ho Chi Minh
276,Kofi,722 Nguyen Khoai,4,Ho Chi Minh
277,Kofi,587 Nguyen Khoai,4,Ho Chi Minh
278,Kofi,228 Nguyen Khoai,4,Ho Chi Minh
279,Kofi,361 Nguyen Khoai,4,Ho Chi Minh
280,Kofi,489 Nguyen Khoai,4,Ho Chi Minh
281,Kofi,409 Doan Van Bo,4,Ho Chi Minh
282,Kofi,845 Doan Van Bo,4,Ho Chi Minh
283,Kofi,36 Doan Van Bo,4,Ho Chi Minh
284,Kofi,467 Doan Van Bo,4,Ho Chi Minh
285,Kofi,845 Doan Van Bo,4,Ho Chi Minh
286,Kofi,572 Doan Van Bo,4,Ho Chi Minh
287,Kofi,181 Doan Van Bo,4,Ho Chi Minh
288,Kofi,205 Doan Van Bo,4,Ho Chi Minh
289,Kofi,381 Doan Van Bo,4,Ho Chi Minh
290,Kofi,275 Doan Van Bo,4,Ho Chi Minh
291,Kofi,675 Ton That Thuyet,4,Ho Chi Minh
292,Kofi,501 Ton That Thuyet,4,Ho Chi Minh
293,Kofi,255 Ton That Thuyet,4,Ho Chi Minh
294,Kofi,949 Ton That Thuyet,4,Ho Chi Minh
295,Kofi,408 Ton That Thuyet,4,Ho Chi Minh
296,Kofi,95 Ton That Thuyet,4,Ho Chi Minh
297,Kofi,553 Ton That Thuyet,4,Ho Chi Minh
298,Kofi,675 Ton That Thuyet,4,Ho Chi Minh
299,Kofi,108 Ton That Thuyet,4,Ho Chi Minh
300,Kofi,776 Ton That Thuyet,4,Ho Chi Minh
301,Kofi,155 Hoang Dieu,4,Ho Chi Minh
302,Kofi,202 Hoang Dieu,4,Ho Chi Minh
303,Kofi,682 Hoang Dieu,4,Ho Chi Minh
304,Kofi,82 Hoang Dieu,4,Ho Chi Minh
305,Kofi,918 Hoang Dieu,4,Ho Chi Minh
306,Kofi,57 Hoang Dieu,4,Ho Chi Minh
307,Kofi,136 Hoang Dieu,4,Ho Chi Minh
308,Kofi,331 Hoang Dieu,4,Ho Chi Minh
309,Kofi,387 Hoang Dieu,4,Ho Chi Minh
310,Kofi,430 Hoang Dieu,4,Ho Chi Minh
311,Kofi,618 Nguyen Truong To,4,Ho Chi Minh
312,Kofi,332 Nguyen Truong To,4,Ho Chi Minh
313,Kofi,508 Nguyen Truong To,4,Ho Chi Minh
314,Kofi,440 Nguyen Truong To,4,Ho Chi Minh
315,Kofi,536 Nguyen Truong To,4,Ho Chi Minh
316,Kofi,860 Nguyen Truong To,4,Ho Chi Minh
317,Kofi,890 Nguyen Truong To,4,Ho Chi Minh
318,Kofi,772 Nguyen Truong To,4,Ho Chi Minh
319,Kofi,442 Nguyen Truong To,4,Ho Chi Minh
320,Kofi,153 Nguyen Truong To,4,Ho Chi Minh
321,Kofi,805 Tran Binh Trong,5,Ho Chi Minh
322,Kofi,838 Tran Binh Trong,5,Ho Chi Minh
323,Kofi,288 Tran Binh Trong,5,Ho Chi Minh
324,Kofi,194 Tran Binh Trong,5,Ho Chi Minh
325,Kofi,933 Tran Binh Trong,5,Ho Chi Minh
326,Kofi,129 Tran Binh Trong,5,Ho Chi Minh
327,Kofi,688 Tran Binh Trong,5,Ho Chi Minh
328,Kofi,76 Tran Binh Trong,5,Ho Chi Minh
329,Kofi,392 Tran Binh Trong,5,Ho Chi Minh
330,Kofi,702 Tran Binh Trong,5,Ho Chi Minh
331,Kofi,546 Nguyen Trai,5,Ho Chi Minh
332,Kofi,856 Nguyen Trai,5,Ho Chi Minh
333,Kofi,317 Nguyen Trai,5,Ho Chi Minh
334,Kofi,310 Nguyen Trai,5,Ho Chi Minh
335,Kofi,649 Nguyen Trai,5,Ho Chi Minh
336,Kofi,220 Nguyen Trai,5,Ho Chi Minh
337,Kofi,42 Nguyen Trai,5,Ho Chi Minh
338,Kofi,489 Nguyen Trai,5,Ho Chi Minh
339,Kofi,899 Nguyen Trai,5,Ho Chi Minh
340,Kofi,534 Nguyen Trai,5,Ho Chi Minh
341,Kofi,333 Le Hong Phong,5,Ho Chi Minh
342,Kofi,265 Le Hong Phong,5,Ho Chi Minh
343,Kofi,298 Le Hong Phong,5,Ho Chi Minh
344,Kofi,338 Le Hong Phong,5,Ho Chi Minh
345,Kofi,204 Le Hong Phong,5,Ho Chi Minh
346,Kofi,950 Le Hong Phong,5,Ho Chi Minh
347,Kofi,40 Le Hong Phong,5,Ho Chi Minh
348,Kofi,938 Le Hong Phong,5,Ho Chi Minh
349,Kofi,875 Le Hong Phong,5,Ho Chi Minh
350,Kofi,368 Le Hong Phong,5,Ho Chi Minh
351,Kofi,371 Su Van Hanh,5,Ho Chi Minh
352,Kofi,700 Su Van Hanh,5,Ho Chi Minh
353,Kofi,482 Su Van Hanh,5,Ho Chi Minh
354,Kofi,957 Su Van Hanh,5,Ho Chi Minh
355,Kofi,362 Su Van Hanh,5,Ho Chi Minh
356,Kofi,31 Su Van Hanh,5,Ho Chi Minh
357,Kofi,673 Su Van Hanh,5,Ho Chi Minh
358,Kofi,953 Su Van Hanh,5,Ho Chi Minh
359,Kofi,424 Su Van Hanh,5,Ho Chi Minh
360,Kofi,963 Su Van Hanh,5,Ho Chi Minh
361,Kofi,608 An Duong Vuong,5,Ho Chi Minh
362,Kofi,404 An Duong Vuong,5,Ho Chi Minh
363,Kofi,2 An Duong Vuong,5,Ho Chi Minh
364,Kofi,453 An Duong Vuong,5,Ho Chi Minh
365,Kofi,336 An Duong Vuong,5,Ho Chi Minh
366,Kofi,900 An Duong Vuong,5,Ho Chi Minh
367,Kofi,118 An Duong Vuong,5,Ho Chi Minh
368,Kofi,333 An Duong Vuong,5,Ho Chi Minh
369,Kofi,721 An Duong Vuong,5,Ho Chi Minh
370,Kofi,652 An Duong Vuong,5,Ho Chi Minh
371,Kofi,412 Nguyen Thi Nho,5,Ho Chi Minh
372,Kofi,364 Nguyen Thi Nho,5,Ho Chi Minh
373,Kofi,808 Nguyen Thi Nho,5,Ho Chi Minh
374,Kofi,888 Nguyen Thi Nho,5,Ho Chi Minh
375,Kofi,539 Nguyen Thi Nho,5,Ho Chi Minh
376,Kofi,527 Nguyen Thi Nho,5,Ho Chi Minh
377,Kofi,512 Nguyen Thi Nho,5,Ho Chi Minh
378,Kofi,903 Nguyen Thi Nho,5,Ho Chi Minh
379,Kofi,561 Nguyen Thi Nho,5,Ho Chi Minh
380,Kofi,508 Nguyen Thi Nho,5,Ho Chi Minh
381,Kofi,758 Hoa Hung,5,Ho Chi Minh
382,Kofi,210 Hoa Hung,5,Ho Chi Minh
383,Kofi,957 Hoa Hung,5,Ho Chi Minh
384,Kofi,111 Hoa Hung,5,Ho Chi Minh
385,Kofi,883 Hoa Hung,5,Ho Chi Minh
386,Kofi,528 Hoa Hung,5,Ho Chi Minh
387,Kofi,318 Hoa Hung,5,Ho Chi Minh
388,Kofi,440 Hoa Hung,5,Ho Chi Minh
389,Kofi,229 Hoa Hung,5,Ho Chi Minh
390,Kofi,690 Hoa Hung,5,Ho Chi Minh
391,Kofi,904 Pham Van Chi,6,Ho Chi Minh
392,Kofi,358 Pham Van Chi,6,Ho Chi Minh
393,Kofi,914 Pham Van Chi,6,Ho Chi Minh
394,Kofi,159 Pham Van Chi,6,Ho Chi Minh
395,Kofi,910 Pham Van Chi,6,Ho Chi Minh
396,Kofi,403 Pham Van Chi,6,Ho Chi Minh
397,Kofi,507 Pham Van Chi,6,Ho Chi Minh
398,Kofi,61 Pham Van Chi,6,Ho Chi Minh
399,Kofi,230 Pham Van Chi,6,Ho Chi Minh
400,Kofi,251 Pham Van Chi,6,Ho Chi Minh
401,Kofi,39 Nguyen Van Luong,6,Ho Chi Minh
402,Kofi,423 Nguyen Van Luong,6,Ho Chi Minh
403,Kofi,991 Nguyen Van Luong,6,Ho Chi Minh
404,Kofi,763 Nguyen Van Luong,6,Ho Chi Minh
405,Kofi,181 Nguyen Van Luong,6,Ho Chi Minh
406,Kofi,648 Nguyen Van Luong,6,Ho Chi Minh
407,Kofi,884 Nguyen Van Luong,6,Ho Chi Minh
408,Kofi,652 Nguyen Van Luong,6,Ho Chi Minh
409,Kofi,986 Nguyen Van Luong,6,Ho Chi Minh
410,Kofi,509 Nguyen Van Luong,6,Ho Chi Minh
411,Kofi,464 Chu Van An,6,Ho Chi Minh
412,Kofi,782 Chu Van An,6,Ho Chi Minh
413,Kofi,993 Chu Van An,6,Ho Chi Minh
414,Kofi,15 Chu Van An,6,Ho Chi Minh
415,Kofi,267 Chu Van An,6,Ho Chi Minh
416,Kofi,267 Chu Van An,6,Ho Chi Minh
417,Kofi,538 Chu Van An,6,Ho Chi Minh
418,Kofi,819 Chu Van An,6,Ho Chi Minh
419,Kofi,423 Chu Van An,6,Ho Chi Minh
420,Kofi,180 Chu Van An,6,Ho Chi Minh
421,Kofi,846 Thap Muoi,6,Ho Chi Minh
422,Kofi,961 Thap Muoi,6,Ho Chi Minh
423,Kofi,530 Thap Muoi,6,Ho Chi Minh
424,Kofi,215 Thap Muoi,6,Ho Chi Minh
425,Kofi,594 Thap Muoi,6,Ho Chi Minh
426,Kofi,324 Thap Muoi,6,Ho Chi Minh
427,Kofi,435 Thap Muoi,6,Ho Chi Minh
428,Kofi,955 Thap Muoi,6,Ho Chi Minh
429,Kofi,137 Thap Muoi,6,Ho Chi Minh
430,Kofi,817 Thap Muoi,6,Ho Chi Minh
431,Kofi,849 Ly Chieu Hoang,6,Ho Chi Minh
432,Kofi,749 Ly Chieu Hoang,6,Ho Chi Minh
433,Kofi,655 Ly Chieu Hoang,6,Ho Chi Minh
434,Kofi,387 Ly Chieu Hoang,6,Ho Chi Minh
435,Kofi,17 Ly Chieu Hoang,6,Ho Chi Minh
436,Kofi,501 Ly Chieu Hoang,6,Ho Chi Minh
437,Kofi,693 Ly Chieu Hoang,6,Ho Chi Minh
438,Kofi,446 Ly Chieu Hoang,6,Ho Chi Minh
439,Kofi,614 Ly Chieu Hoang,6,Ho Chi Minh
440,Kofi,710 Ly Chieu Hoang,6,Ho Chi Minh
441,Kofi,334 Binh Tien,6,Ho Chi Minh
442,Kofi,873 Binh Tien,6,Ho Chi Minh
443,Kofi,35 Binh Tien,6,Ho Chi Minh
444,Kofi,282 Binh Tien,6,Ho Chi Minh
445,Kofi,226 Binh Tien,6,Ho Chi Minh
446,Kofi,855 Binh Tien,6,Ho Chi Minh
447,Kofi,205 Binh Tien,6,Ho Chi Minh
448,Kofi,678 Binh Tien,6,Ho Chi Minh
449,Kofi,637 Binh Tien,6,Ho Chi Minh
450,Kofi,406 Binh Tien,6,Ho Chi Minh
451,Kofi,294 Nguyen Thi Thap,7,Ho Chi Minh
452,Kofi,599 Nguyen Thi Thap,7,Ho Chi Minh
453,Kofi,164 Nguyen Thi Thap,7,Ho Chi Minh
454,Kofi,881 Nguyen Thi Thap,7,Ho Chi Minh
455,Kofi,769 Nguyen Thi Thap,7,Ho Chi Minh
456,Kofi,446 Nguyen Thi Thap,7,Ho Chi Minh
457,Kofi,646 Nguyen Thi Thap,7,Ho Chi Minh
458,Kofi,763 Nguyen Thi Thap,7,Ho Chi Minh
459,Kofi,419 Nguyen Thi Thap,7,Ho Chi Minh
460,Kofi,897 Nguyen Thi Thap,7,Ho Chi Minh
461,Kofi,116 Nguyen Van Linh,7,Ho Chi Minh
462,Kofi,245 Nguyen Van Linh,7,Ho Chi Minh
463,Kofi,27 Nguyen Van Linh,7,Ho Chi Minh
464,Kofi,713 Nguyen Van Linh,7,Ho Chi Minh
465,Kofi,541 Nguyen Van Linh,7,Ho Chi Minh
466,Kofi,781 Nguyen Van Linh,7,Ho Chi Minh
467,Kofi,452 Nguyen Van Linh,7,Ho Chi Minh
468,Kofi,904 Nguyen Van Linh,7,Ho Chi Minh
469,Kofi,859 Nguyen Van Linh,7,Ho Chi Minh
470,Kofi,881 Nguyen Van Linh,7,Ho Chi Minh
471,Kofi,59 Le Van Luong,7,Ho Chi Minh
472,Kofi,226 Le Van Luong,7,Ho Chi Minh
473,Kofi,832 Le Van Luong,7,Ho Chi Minh
474,Kofi,831 Le Van Luong,7,Ho Chi Minh
475,Kofi,308 Le Van Luong,7,Ho Chi Minh
476,Kofi,752 Le Van Luong,7,Ho Chi Minh
477,Kofi,768 Le Van Luong,7,Ho Chi Minh
478,Kofi,457 Le Van Luong,7,Ho Chi Minh
479,Kofi,373 Le Van Luong,7,Ho Chi Minh
480,Kofi,317 Le Van Luong,7,Ho Chi Minh
481,Kofi,184 Huynh Tan Phat,7,Ho Chi Minh
482,Kofi,372 Huynh Tan Phat,7,Ho Chi Minh
483,Kofi,104 Huynh Tan Phat,7,Ho Chi Minh
484,Kofi,375 Huynh Tan Phat,7,Ho Chi Minh
485,Kofi,392 Huynh Tan Phat,7,Ho Chi Minh
486,Kofi,601 Huynh Tan Phat,7,Ho Chi Minh
487,Kofi,919 Huynh Tan Phat,7,Ho Chi Minh
488,Kofi,736 Huynh Tan Phat,7,Ho Chi Minh
489,Kofi,590 Huynh Tan Phat,7,Ho Chi Minh
490,Kofi,382 Huynh Tan Phat,7,Ho Chi Minh
491,Kofi,814 Dao Tri,7,Ho Chi Minh
492,Kofi,481 Dao Tri,7,Ho Chi Minh
493,Kofi,918 Dao Tri,7,Ho Chi Minh
494,Kofi,177 Dao Tri,7,Ho Chi Minh
495,Kofi,529 Dao Tri,7,Ho Chi Minh
496,Kofi,586 Dao Tri,7,Ho Chi Minh
497,Kofi,177 Dao Tri,7,Ho Chi Minh
498,Kofi,921 Dao Tri,7,Ho Chi Minh
499,Kofi,9 Dao Tri,7,Ho Chi Minh
500,Kofi,409 Dao Tri,7,Ho Chi Minh
501,Kofi,28 Pham Huu Lau,7,Ho Chi Minh
502,Kofi,457 Pham Huu Lau,7,Ho Chi Minh
503,Kofi,714 Pham Huu Lau,7,Ho Chi Minh
504,Kofi,573 Pham Huu Lau,7,Ho Chi Minh
505,Kofi,675 Pham Huu Lau,7,Ho Chi Minh
506,Kofi,322 Pham Huu Lau,7,Ho Chi Minh
507,Kofi,864 Pham Huu Lau,7,Ho Chi Minh
508,Kofi,867 Pham Huu Lau,7,Ho Chi Minh
509,Kofi,341 Pham Huu Lau,7,Ho Chi Minh
510,Kofi,641 Pham Huu Lau,7,Ho Chi Minh
511,Kofi,398 Duong Ba Trac,8,Ho Chi Minh
512,Kofi,174 Duong Ba Trac,8,Ho Chi Minh
513,Kofi,334 Duong Ba Trac,8,Ho Chi Minh
514,Kofi,27 Duong Ba Trac,8,Ho Chi Minh
515,Kofi,636 Duong Ba Trac,8,Ho Chi Minh
516,Kofi,714 Duong Ba Trac,8,Ho Chi Minh
517,Kofi,75 Duong Ba Trac,8,Ho Chi Minh
518,Kofi,987 Duong Ba Trac,8,Ho Chi Minh
519,Kofi,280 Duong Ba Trac,8,Ho Chi Minh
520,Kofi,697 Duong Ba Trac,8,Ho Chi Minh
521,Kofi,903 Au Duong Lan,8,Ho Chi Minh
522,Kofi,455 Au Duong Lan,8,Ho Chi Minh
523,Kofi,592 Au Duong Lan,8,Ho Chi Minh
524,Kofi,142 Au Duong Lan,8,Ho Chi Minh
525,Kofi,305 Au Duong Lan,8,Ho Chi Minh
526,Kofi,204 Au Duong Lan,8,Ho Chi Minh
527,Kofi,44 Au Duong Lan,8,Ho Chi Minh
528,Kofi,117 Au Duong Lan,8,Ho Chi Minh
529,Kofi,135 Au Duong Lan,8,Ho Chi Minh
530,Kofi,958 Au Duong Lan,8,Ho Chi Minh
531,Kofi,24 Le Quang Kim,8,Ho Chi Minh
532,Kofi,58 Le Quang Kim,8,Ho Chi Minh
533,Kofi,889 Le Quang Kim,8,Ho Chi Minh
534,Kofi,731 Le Quang Kim,8,Ho Chi Minh
535,Kofi,890 Le Quang Kim,8,Ho Chi Minh
536,Kofi,236 Le Quang Kim,8,Ho Chi Minh
537,Kofi,81 Le Quang Kim,8,Ho Chi Minh
538,Kofi,3 Le Quang Kim,8,Ho Chi Minh
539,Kofi,13 Le Quang Kim,8,Ho Chi Minh
540,Kofi,366 Le Quang Kim,8,Ho Chi Minh
541,Kofi,706 Pham The Hien,8,Ho Chi Minh
542,Kofi,40 Pham The Hien,8,Ho Chi Minh
543,Kofi,997 Pham The Hien,8,Ho Chi Minh
544,Kofi,983 Pham The Hien,8,Ho Chi Minh
545,Kofi,353 Pham The Hien,8,Ho Chi Minh
546,Kofi,877 Pham The Hien,8,Ho Chi Minh
547,Kofi,862 Pham The Hien,8,Ho Chi Minh
548,Kofi,543 Pham The Hien,8,Ho Chi Minh
549,Kofi,366 Pham The Hien,8,Ho Chi Minh
550,Kofi,164 Pham The Hien,8,Ho Chi Minh
551,Kofi,734 Nguyen Van Linh,8,Ho Chi Minh
552,Kofi,15 Nguyen Van Linh,8,Ho Chi Minh
553,Kofi,467 Nguyen Van Linh,8,Ho Chi Minh
554,Kofi,936 Nguyen Van Linh,8,Ho Chi Minh
555,Kofi,475 Nguyen Van Linh,8,Ho Chi Minh
556,Kofi,477 Nguyen Van Linh,8,Ho Chi Minh
557,Kofi,18 Nguyen Van Linh,8,Ho Chi Minh
558,Kofi,847 Nguyen Van Linh,8,Ho Chi Minh
559,Kofi,45 Nguyen Van Linh,8,Ho Chi Minh
560,Kofi,683 Nguyen Van Linh,8,Ho Chi Minh
561,Kofi,577 Chanh Hung,8,Ho Chi Minh
562,Kofi,770 Chanh Hung,8,Ho Chi Minh
563,Kofi,964 Chanh Hung,8,Ho Chi Minh
564,Kofi,400 Chanh Hung,8,Ho Chi Minh
565,Kofi,987 Chanh Hung,8,Ho Chi Minh
566,Kofi,52 Chanh Hung,8,Ho Chi Minh
567,Kofi,230 Chanh Hung,8,Ho Chi Minh
568,Kofi,107 Chanh Hung,8,Ho Chi Minh
569,Kofi,774 Chanh Hung,8,Ho Chi Minh
570,Kofi,373 Chanh Hung,8,Ho Chi Minh
571,Kofi,891 Nguyen Trai,Ninh Kieu,Can Tho
572,Kofi,653 Nguyen Trai,Ninh Kieu,Can Tho
573,Kofi,103 Nguyen Trai,Ninh Kieu,Can Tho
574,Kofi,655 Nguyen Trai,Ninh Kieu,Can Tho
575,Kofi,456 Nguyen Trai,Ninh Kieu,Can Tho
576,Kofi,57 Nguyen Trai,Ninh Kieu,Can Tho
577,Kofi,978 Nguyen Trai,Ninh Kieu,Can Tho
578,Kofi,130 Nguyen Trai,Ninh Kieu,Can Tho
579,Kofi,300 Nguyen Trai,Ninh Kieu,Can Tho
580,Kofi,276 Nguyen Trai,Ninh Kieu,Can Tho
581,Kofi,489 Hoa Binh,Ninh Kieu,Can Tho
582,Kofi,17 Hoa Binh,Ninh Kieu,Can Tho
583,Kofi,86 Hoa Binh,Ninh Kieu,Can Tho
584,Kofi,950 Hoa Binh,Ninh Kieu,Can Tho
585,Kofi,472 Hoa Binh,Ninh Kieu,Can Tho
586,Kofi,816 Hoa Binh,Ninh Kieu,Can Tho
587,Kofi,662 Hoa Binh,Ninh Kieu,Can Tho
588,Kofi,50 Hoa Binh,Ninh Kieu,Can Tho
589,Kofi,980 Hoa Binh,Ninh Kieu,Can Tho
590,Kofi,799 Hoa Binh,Ninh Kieu,Can Tho
591,Kofi,936 Le Loi,Ninh Kieu,Can Tho
592,Kofi,194 Le Loi,Ninh Kieu,Can Tho
593,Kofi,89 Le Loi,Ninh Kieu,Can Tho
594,Kofi,746 Le Loi,Ninh Kieu,Can Tho
595,Kofi,16 Le Loi,Ninh Kieu,Can Tho
596,Kofi,723 Le Loi,Ninh Kieu,Can Tho
597,Kofi,363 Le Loi,Ninh Kieu,Can Tho
598,Kofi,648 Le Loi,Ninh Kieu,Can Tho
599,Kofi,896 Le Loi,Ninh Kieu,Can Tho
600,Kofi,895 Le Loi,Ninh Kieu,Can Tho
601,Kofi,814 Duong 30 Thang 4,Ninh Kieu,Can Tho
602,Kofi,638 Duong 30 Thang 4,Ninh Kieu,Can Tho
603,Kofi,914 Duong 30 Thang 4,Ninh Kieu,Can Tho
604,Kofi,593 Duong 30 Thang 4,Ninh Kieu,Can Tho
605,Kofi,248 Duong 30 Thang 4,Ninh Kieu,Can Tho
606,Kofi,224 Duong 30 Thang 4,Ninh Kieu,Can Tho
607,Kofi,248 Duong 30 Thang 4,Ninh Kieu,Can Tho
608,Kofi,696 Duong 30 Thang 4,Ninh Kieu,Can Tho
609,Kofi,389 Duong 30 Thang 4,Ninh Kieu,Can Tho
610,Kofi,128 Duong 30 Thang 4,Ninh Kieu,Can Tho
611,Kofi,142 Ngo Quyen,Ninh Kieu,Can Tho
612,Kofi,812 Ngo Quyen,Ninh Kieu,Can Tho
613,Kofi,246 Ngo Quyen,Ninh Kieu,Can Tho
614,Kofi,665 Ngo Quyen,Ninh Kieu,Can Tho
615,Kofi,808 Ngo Quyen,Ninh Kieu,Can Tho
616,Kofi,523 Ngo Quyen,Ninh Kieu,Can Tho
617,Kofi,712 Ngo Quyen,Ninh Kieu,Can Tho
618,Kofi,973 Ngo Quyen,Ninh Kieu,Can Tho
619,Kofi,378 Ngo Quyen,Ninh Kieu,Can Tho
620,Kofi,882 Ngo Quyen,Ninh Kieu,Can Tho
621,Kofi,656 Cach Mang Thang Tam,Ninh Kieu,Can Tho
622,Kofi,475 Cach Mang Thang Tam,Ninh Kieu,Can Tho
623,Kofi,13 Cach Mang Thang Tam,Ninh Kieu,Can Tho
624,Kofi,863 Cach Mang Thang Tam,Ninh Kieu,Can Tho
625,Kofi,152 Cach Mang Thang Tam,Ninh Kieu,Can Tho
626,Kofi,709 Cach Mang Thang Tam,Ninh Kieu,Can Tho
627,Kofi,81 Cach Mang Thang Tam,Ninh Kieu,Can Tho
628,Kofi,405 Cach Mang Thang Tam,Ninh Kieu,Can Tho
629,Kofi,791 Cach Mang Thang Tam,Ninh Kieu,Can Tho
630,Kofi,327 Cach Mang Thang Tam,Ninh Kieu,Can Tho
631,Kofi,884 Ly Tu Trong,Ninh Kieu,Can Tho
632,Kofi,537 Ly Tu Trong,Ninh Kieu,Can Tho
633,Kofi,752 Ly Tu Trong,Ninh Kieu,Can Tho
634,Kofi,748 Ly Tu Trong,Ninh Kieu,Can Tho
635,Kofi,718 Ly Tu Trong,Ninh Kieu,Can Tho
636,Kofi,142 Ly Tu Trong,Ninh Kieu,Can Tho
637,Kofi,180 Ly Tu Trong,Ninh Kieu,Can Tho
638,Kofi,919 Ly Tu Trong,Ninh Kieu,Can Tho
639,Kofi,432 Ly Tu Trong,Ninh Kieu,Can Tho
640,Kofi,228 Ly Tu Trong,Ninh Kieu,Can Tho
641,Kofi,183 Tran Phu,Ninh Kieu,Can Tho
642,Kofi,713 Tran Phu,Ninh Kieu,Can Tho
643,Kofi,754 Tran Phu,Ninh Kieu,Can Tho
644,Kofi,306 Tran Phu,Ninh Kieu,Can Tho
645,Kofi,677 Tran Phu,Ninh Kieu,Can Tho
646,Kofi,173 Tran Phu,Ninh Kieu,Can Tho
647,Kofi,301 Tran Phu,Ninh Kieu,Can Tho
648,Kofi,402 Tran Phu,Ninh Kieu,Can Tho
649,Kofi,282 Tran Phu,Ninh Kieu,Can Tho
650,Kofi,427 Tran Phu,Ninh Kieu,Can Tho
651,Kofi,397 Truong Doan,Binh Thuy,Can Tho
652,Kofi,968 Truong Doan,Binh Thuy,Can Tho
653,Kofi,989 Truong Doan,Binh Thuy,Can Tho
654,Kofi,762 Truong Doan,Binh Thuy,Can Tho
655,Kofi,332 Truong Doan,Binh Thuy,Can Tho
656,Kofi,352 Truong Doan,Binh Thuy,Can Tho
657,Kofi,655 Truong Doan,Binh Thuy,Can Tho
658,Kofi,173 Truong Doan,Binh Thuy,Can Tho
659,Kofi,452 Truong Doan,Binh Thuy,Can Tho
660,Kofi,376 Truong Doan,Binh Thuy,Can Tho
661,Kofi,150 Vo Van Kiet,Binh Thuy,Can Tho
662,Kofi,215 Vo Van Kiet,Binh Thuy,Can Tho
663,Kofi,126 Vo Van Kiet,Binh Thuy,Can Tho
664,Kofi,902 Vo Van Kiet,Binh Thuy,Can Tho
665,Kofi,933 Vo Van Kiet,Binh Thuy,Can Tho
666,Kofi,69 Vo Van Kiet,Binh Thuy,Can Tho
667,Kofi,548 Vo Van Kiet,Binh Thuy,Can Tho
668,Kofi,71 Vo Van Kiet,Binh Thuy,Can Tho
669,Kofi,231 Vo Van Kiet,Binh Thuy,Can Tho
670,Kofi,799 Vo Van Kiet,Binh Thuy,Can Tho
671,Kofi,782 Nguyen Van Cu,Binh Thuy,Can Tho
672,Kofi,533 Nguyen Van Cu,Binh Thuy,Can Tho
673,Kofi,875 Nguyen Van Cu,Binh Thuy,Can Tho
674,Kofi,938 Nguyen Van Cu,Binh Thuy,Can Tho
675,Kofi,172 Nguyen Van Cu,Binh Thuy,Can Tho
676,Kofi,793 Nguyen Van Cu,Binh Thuy,Can Tho
677,Kofi,213 Nguyen Van Cu,Binh Thuy,Can Tho
678,Kofi,344 Nguyen Van Cu,Binh Thuy,Can Tho
679,Kofi,470 Nguyen Van Cu,Binh Thuy,Can Tho
680,Kofi,444 Nguyen Van Cu,Binh Thuy,Can Tho
681,Kofi,422 Tran Quang Khai,Binh Thuy,Can Tho
682,Kofi,48 Tran Quang Khai,Binh Thuy,Can Tho
683,Kofi,410 Tran Quang Khai,Binh Thuy,Can Tho
684,Kofi,441 Tran Quang Khai,Binh Thuy,Can Tho
685,Kofi,486 Tran Quang Khai,Binh Thuy,Can Tho
686,Kofi,807 Tran Quang Khai,Binh Thuy,Can Tho
687,Kofi,450 Tran Quang Khai,Binh Thuy,Can Tho
688,Kofi,700 Tran Quang Khai,Binh Thuy,Can Tho
689,Kofi,877 Tran Quang Khai,Binh Thuy,Can Tho
690,Kofi,829 Tran Quang Khai,Binh Thuy,Can Tho
691,Kofi,74 Nguyen Thai Hoc,Binh Thuy,Can Tho
692,Kofi,490 Nguyen Thai Hoc,Binh Thuy,Can Tho
693,Kofi,624 Nguyen Thai Hoc,Binh Thuy,Can Tho
694,Kofi,372 Nguyen Thai Hoc,Binh Thuy,Can Tho
695,Kofi,143 Nguyen Thai Hoc,Binh Thuy,Can Tho
696,Kofi,987 Nguyen Thai Hoc,Binh Thuy,Can Tho
697,Kofi,279 Nguyen Thai Hoc,Binh Thuy,Can Tho
698,Kofi,555 Nguyen Thai Hoc,Binh Thuy,Can Tho
699,Kofi,400 Nguyen Thai Hoc,Binh Thuy,Can Tho
700,Kofi,898 Nguyen Thai Hoc,Binh Thuy,Can Tho
701,Kofi,584 Nguyen Van Linh,Cai Rang,Can Tho
702,Kofi,50 Nguyen Van Linh,Cai Rang,Can Tho
703,Kofi,389 Nguyen Van Linh,Cai Rang,Can Tho
704,Kofi,159 Nguyen Van Linh,Cai Rang,Can Tho
705,Kofi,151 Nguyen Van Linh,Cai Rang,Can Tho
706,Kofi,990 Nguyen Van Linh,Cai Rang,Can Tho
707,Kofi,673 Nguyen Van Linh,Cai Rang,Can Tho
708,Kofi,559 Nguyen Van Linh,Cai Rang,Can Tho
709,Kofi,140 Nguyen Van Linh,Cai Rang,Can Tho
710,Kofi,406 Nguyen Van Linh,Cai Rang,Can Tho
711,Kofi,410 Huynh Thi Luu,Cai Rang,Can Tho
712,Kofi,203 Huynh Thi Luu,Cai Rang,Can Tho
713,Kofi,436 Huynh Thi Luu,Cai Rang,Can Tho
714,Kofi,550 Huynh Thi Luu,Cai Rang,Can Tho
715,Kofi,11 Huynh Thi Luu,Cai Rang,Can Tho
716,Kofi,364 Huynh Thi Luu,Cai Rang,Can Tho
717,Kofi,386 Huynh Thi Luu,Cai Rang,Can Tho
718,Kofi,260 Huynh Thi Luu,Cai Rang,Can Tho
719,Kofi,548 Huynh Thi Luu,Cai Rang,Can Tho
720,Kofi,785 Huynh Thi Luu,Cai Rang,Can Tho
721,Kofi,173 Tran Thi Tam,Cai Rang,Can Tho
722,Kofi,484 Tran Thi Tam,Cai Rang,Can Tho
723,Kofi,589 Tran Thi Tam,Cai Rang,Can Tho
724,Kofi,868 Tran Thi Tam,Cai Rang,Can Tho
725,Kofi,423 Tran Thi Tam,Cai Rang,Can Tho
726,Kofi,50 Tran Thi Tam,Cai Rang,Can Tho
727,Kofi,75 Tran Thi Tam,Cai Rang,Can Tho
728,Kofi,178 Tran Thi Tam,Cai Rang,Can Tho
729,Kofi,182 Tran Thi Tam,Cai Rang,Can Tho
730,Kofi,766 Tran Thi Tam,Cai Rang,Can Tho
731,Kofi,995 Hoa Binh,Cai Rang,Can Tho
732,Kofi,437 Hoa Binh,Cai Rang,Can Tho
733,Kofi,360 Hoa Binh,Cai Rang,Can Tho
734,Kofi,418 Hoa Binh,Cai Rang,Can Tho
735,Kofi,165 Hoa Binh,Cai Rang,Can Tho
736,Kofi,397 Hoa Binh,Cai Rang,Can Tho
737,Kofi,674 Hoa Binh,Cai Rang,Can Tho
738,Kofi,223 Hoa Binh,Cai Rang,Can Tho
739,Kofi,740 Hoa Binh,Cai Rang,Can Tho
740,Kofi,99 Hoa Binh,Cai Rang,Can Tho
741,Kofi,932 Duong 3 Thang 2,Cai Rang,Can Tho
742,Kofi,551 Duong 3 Thang 2,Cai Rang,Can Tho
743,Kofi,776 Duong 3 Thang 2,Cai Rang,Can Tho
744,Kofi,321 Duong 3 Thang 2,Cai Rang,Can Tho
745,Kofi,423 Duong 3 Thang 2,Cai Rang,Can Tho
746,Kofi,485 Duong 3 Thang 2,Cai Rang,Can Tho
747,Kofi,696 Duong 3 Thang 2,Cai Rang,Can Tho
748,Kofi,920 Duong 3 Thang 2,Cai Rang,Can Tho
749,Kofi,991 Duong 3 Thang 2,Cai Rang,Can Tho
750,Kofi,484 Duong 3 Thang 2,Cai Rang,Can Tho
751,Kofi,222 Le Loi,O Mon,Can Tho
752,Kofi,806 Le Loi,O Mon,Can Tho
753,Kofi,514 Le Loi,O Mon,Can Tho
754,Kofi,109 Le Loi,O Mon,Can Tho
755,Kofi,715 Le Loi,O Mon,Can Tho
756,Kofi,464 Le Loi,O Mon,Can Tho
757,Kofi,949 Le Loi,O Mon,Can Tho
758,Kofi,728 Le Loi,O Mon,Can Tho
759,Kofi,587 Le Loi,O Mon,Can Tho
760,Kofi,116 Le Loi,O Mon,Can Tho
761,Kofi,99 Nguyen Thi Minh Khai,O Mon,Can Tho
762,Kofi,317 Nguyen Thi Minh Khai,O Mon,Can Tho
763,Kofi,850 Nguyen Thi Minh Khai,O Mon,Can Tho
764,Kofi,89 Nguyen Thi Minh Khai,O Mon,Can Tho
765,Kofi,671 Nguyen Thi Minh Khai,O Mon,Can Tho
766,Kofi,115 Nguyen Thi Minh Khai,O Mon,Can Tho
767,Kofi,906 Nguyen Thi Minh Khai,O Mon,Can Tho
768,Kofi,163 Nguyen Thi Minh Khai,O Mon,Can Tho
769,Kofi,104 Nguyen Thi Minh Khai,O Mon,Can Tho
770,Kofi,705 Nguyen Thi Minh Khai,O Mon,Can Tho
771,Kofi,586 Tran Quang Khai,O Mon,Can Tho
772,Kofi,146 Tran Quang Khai,O Mon,Can Tho
773,Kofi,743 Tran Quang Khai,O Mon,Can Tho
774,Kofi,319 Tran Quang Khai,O Mon,Can Tho
775,Kofi,778 Tran Quang Khai,O Mon,Can Tho
776,Kofi,725 Tran Quang Khai,O Mon,Can Tho
777,Kofi,38 Tran Quang Khai,O Mon,Can Tho
778,Kofi,536 Tran Quang Khai,O Mon,Can Tho
779,Kofi,572 Tran Quang Khai,O Mon,Can Tho
780,Kofi,948 Tran Quang Khai,O Mon,Can Tho
781,Kofi,836 Cach Mang Thang Tam,O Mon,Can Tho
782,Kofi,989 Cach Mang Thang Tam,O Mon,Can Tho
783,Kofi,826 Cach Mang Thang Tam,O Mon,Can Tho
784,Kofi,145 Cach Mang Thang Tam,O Mon,Can Tho
785,Kofi,474 Cach Mang Thang Tam,O Mon,Can Tho
786,Kofi,310 Cach Mang Thang Tam,O Mon,Can Tho
787,Kofi,694 Cach Mang Thang Tam,O Mon,Can Tho
788,Kofi,180 Cach Mang Thang Tam,O Mon,Can Tho
789,Kofi,533 Cach Mang Thang Tam,O Mon,Can Tho
790,Kofi,219 Cach Mang Thang Tam,O Mon,Can Tho
791,Kofi,866 Nguyen Thi Luu,Thot Not,Can Tho
792,Kofi,986 Nguyen Thi Luu,Thot Not,Can Tho
793,Kofi,690 Nguyen Thi Luu,Thot Not,Can Tho
794,Kofi,692 Nguyen Thi Luu,Thot Not,Can Tho
795,Kofi,503 Nguyen Thi Luu,Thot Not,Can Tho
796,Kofi,346 Nguyen Thi Luu,Thot Not,Can Tho
797,Kofi,21 Nguyen Thi Luu,Thot Not,Can Tho
798,Kofi,788 Nguyen Thi Luu,Thot Not,Can Tho
799,Kofi,464 Nguyen Thi Luu,Thot Not,Can Tho
800,Kofi,346 Nguyen Thi Luu,Thot Not,Can Tho
801,Kofi,219 Tran Quang Khai,Thot Not,Can Tho
802,Kofi,260 Tran Quang Khai,Thot Not,Can Tho
803,Kofi,726 Tran Quang Khai,Thot Not,Can Tho
804,Kofi,749 Tran Quang Khai,Thot Not,Can Tho
805,Kofi,761 Tran Quang Khai,Thot Not,Can Tho
806,Kofi,611 Tran Quang Khai,Thot Not,Can Tho
807,Kofi,418 Tran Quang Khai,Thot Not,Can Tho
808,Kofi,908 Tran Quang Khai,Thot Not,Can Tho
809,Kofi,87 Tran Quang Khai,Thot Not,Can Tho
810,Kofi,729 Tran Quang Khai,Thot Not,Can Tho
811,Kofi,98 Nguyen Van Linh,Thot Not,Can Tho
812,Kofi,530 Nguyen Van Linh,Thot Not,Can Tho
813,Kofi,592 Nguyen Van Linh,Thot Not,Can Tho
814,Kofi,702 Nguyen Van Linh,Thot Not,Can Tho
815,Kofi,523 Nguyen Van Linh,Thot Not,Can Tho
816,Kofi,503 Nguyen Van Linh,Thot Not,Can Tho
817,Kofi,263 Nguyen Van Linh,Thot Not,Can Tho
818,Kofi,350 Nguyen Van Linh,Thot Not,Can Tho
819,Kofi,960 Nguyen Van Linh,Thot Not,Can Tho
820,Kofi,963 Nguyen Van Linh,Thot Not,Can Tho
821,Kofi,603 Cach Mang Thang Tam,Thot Not,Can Tho
822,Kofi,883 Cach Mang Thang Tam,Thot Not,Can Tho
823,Kofi,947 Cach Mang Thang Tam,Thot Not,Can Tho
824,Kofi,93 Cach Mang Thang Tam,Thot Not,Can Tho
825,Kofi,203 Cach Mang Thang Tam,Thot Not,Can Tho
826,Kofi,282 Cach Mang Thang Tam,Thot Not,Can Tho
827,Kofi,753 Cach Mang Thang Tam,Thot Not,Can Tho
828,Kofi,67 Cach Mang Thang Tam,Thot Not,Can Tho
829,Kofi,603 Cach Mang Thang Tam,Thot Not,Can Tho
830,Kofi,736 Cach Mang Thang Tam,Thot Not,Can Tho
831,Kofi,263 Nguyen Van Cu,Co Do,Can Tho
832,Kofi,642 Nguyen Van Cu,Co Do,Can Tho
833,Kofi,225 Nguyen Van Cu,Co Do,Can Tho
834,Kofi,181 Nguyen Van Cu,Co Do,Can Tho
835,Kofi,932 Nguyen Van Cu,Co Do,Can Tho
836,Kofi,325 Nguyen Van Cu,Co Do,Can Tho
837,Kofi,243 Nguyen Van Cu,Co Do,Can Tho
838,Kofi,174 Nguyen Van Cu,Co Do,Can Tho
839,Kofi,187 Nguyen Van Cu,Co Do,Can Tho
840,Kofi,135 Nguyen Van Cu,Co Do,Can Tho
841,Kofi,368 Tran Phu,Co Do,Can Tho
842,Kofi,724 Tran Phu,Co Do,Can Tho
843,Kofi,287 Tran Phu,Co Do,Can Tho
844,Kofi,404 Tran Phu,Co Do,Can Tho
845,Kofi,178 Tran Phu,Co Do,Can Tho
846,Kofi,11 Tran Phu,Co Do,Can Tho
847,Kofi,712 Tran Phu,Co Do,Can Tho
848,Kofi,891 Tran Phu,Co Do,Can Tho
849,Kofi,744 Tran Phu,Co Do,Can Tho
850,Kofi,536 Tran Phu,Co Do,Can Tho
851,Kofi,600 Duong Lo Te,Co Do,Can Tho
852,Kofi,153 Duong Lo Te,Co Do,Can Tho
853,Kofi,966 Duong Lo Te,Co Do,Can Tho
854,Kofi,250 Duong Lo Te,Co Do,Can Tho
855,Kofi,577 Duong Lo Te,Co Do,Can Tho
856,Kofi,810 Duong Lo Te,Co Do,Can Tho
857,Kofi,301 Duong Lo Te,Co Do,Can Tho
858,Kofi,96 Duong Lo Te,Co Do,Can Tho
859,Kofi,643 Duong Lo Te,Co Do,Can Tho
860,Kofi,346 Duong Lo Te,Co Do,Can Tho
861,Kofi,459 Duong Phong Dien,Phong Dien,Can Tho
862,Kofi,759 Duong Phong Dien,Phong Dien,Can Tho
863,Kofi,933 Duong Phong Dien,Phong Dien,Can Tho
864,Kofi,154 Duong Phong Dien,Phong Dien,Can Tho
865,Kofi,460 Duong Phong Dien,Phong Dien,Can Tho
866,Kofi,426 Duong Phong Dien,Phong Dien,Can Tho
867,Kofi,239 Duong Phong Dien,Phong Dien,Can Tho
868,Kofi,476 Duong Phong Dien,Phong Dien,Can Tho
869,Kofi,701 Duong Phong Dien,Phong Dien,Can Tho
870,Kofi,190 Duong Phong Dien,Phong Dien,Can Tho
871,Kofi,830 Duong Nguyen Van Cu,Phong Dien,Can Tho
872,Kofi,667 Duong Nguyen Van Cu,Phong Dien,Can Tho
873,Kofi,944 Duong Nguyen Van Cu,Phong Dien,Can Tho
874,Kofi,84 Duong Nguyen Van Cu,Phong Dien,Can Tho
875,Kofi,455 Duong Nguyen Van Cu,Phong Dien,Can Tho
876,Kofi,45 Duong Nguyen Van Cu,Phong Dien,Can Tho
877,Kofi,525 Duong Nguyen Van Cu,Phong Dien,Can Tho
878,Kofi,459 Duong Nguyen Van Cu,Phong Dien,Can Tho
879,Kofi,196 Duong Nguyen Van Cu,Phong Dien,Can Tho
880,Kofi,795 Duong Nguyen Van Cu,Phong Dien,Can Tho
881,Kofi,700 Duong Vinh Thanh,Vinh Thanh,Can Tho
882,Kofi,794 Duong Vinh Thanh,Vinh Thanh,Can Tho
883,Kofi,406 Duong Vinh Thanh,Vinh Thanh,Can Tho
884,Kofi,424 Duong Vinh Thanh,Vinh Thanh,Can Tho
885,Kofi,81 Duong Vinh Thanh,Vinh Thanh,Can Tho
886,Kofi,232 Duong Vinh Thanh,Vinh Thanh,Can Tho
887,Kofi,177 Duong Vinh Thanh,Vinh Thanh,Can Tho
888,Kofi,172 Duong Vinh Thanh,Vinh Thanh,Can Tho
889,Kofi,152 Duong Vinh Thanh,Vinh Thanh,Can Tho
890,Kofi,307 Duong Vinh Thanh,Vinh Thanh,Can Tho
891,Kofi,189 Duong 3 Thang 2,Vinh Thanh,Can Tho
892,Kofi,233 Duong 3 Thang 2,Vinh Thanh,Can Tho
893,Kofi,173 Duong 3 Thang 2,Vinh Thanh,Can Tho
894,Kofi,580 Duong 3 Thang 2,Vinh Thanh,Can Tho
895,Kofi,419 Duong 3 Thang 2,Vinh Thanh,Can Tho
896,Kofi,2 Duong 3 Thang 2,Vinh Thanh,Can Tho
897,Kofi,296 Duong 3 Thang 2,Vinh Thanh,Can Tho
898,Kofi,244 Duong 3 Thang 2,Vinh Thanh,Can Tho
899,Kofi,185 Duong 3 Thang 2,Vinh Thanh,Can Tho
900,Kofi,473 Duong 3 Thang 2,Vinh Thanh,Can Tho
901,Kofi,156 Hang Bac,Hoan Kiem,Hanoi
902,Kofi,504 Hang Bac,Hoan Kiem,Hanoi
903,Kofi,361 Hang Bac,Hoan Kiem,Hanoi
904,Kofi,160 Hang Bac,Hoan Kiem,Hanoi
905,Kofi,270 Hang Bac,Hoan Kiem,Hanoi
906,Kofi,307 Hang Bac,Hoan Kiem,Hanoi
907,Kofi,353 Hang Bac,Hoan Kiem,Hanoi
908,Kofi,247 Hang Bac,Hoan Kiem,Hanoi
909,Kofi,898 Hang Bac,Hoan Kiem,Hanoi
910,Kofi,862 Hang Bac,Hoan Kiem,Hanoi
911,Kofi,629 Hang Dao,Hoan Kiem,Hanoi
912,Kofi,338 Hang Dao,Hoan Kiem,Hanoi
913,Kofi,917 Hang Dao,Hoan Kiem,Hanoi
914,Kofi,591 Hang Dao,Hoan Kiem,Hanoi
915,Kofi,228 Hang Dao,Hoan Kiem,Hanoi
916,Kofi,36 Hang Dao,Hoan Kiem,Hanoi
917,Kofi,178 Hang Dao,Hoan Kiem,Hanoi
918,Kofi,31 Hang Dao,Hoan Kiem,Hanoi
919,Kofi,410 Hang Dao,Hoan Kiem,Hanoi
920,Kofi,232 Hang Dao,Hoan Kiem,Hanoi
921,Kofi,378 Ly Thai To,Hoan Kiem,Hanoi
922,Kofi,905 Ly Thai To,Hoan Kiem,Hanoi
923,Kofi,307 Ly Thai To,Hoan Kiem,Hanoi
924,Kofi,303 Ly Thai To,Hoan Kiem,Hanoi
925,Kofi,222 Ly Thai To,Hoan Kiem,Hanoi
926,Kofi,801 Ly Thai To,Hoan Kiem,Hanoi
927,Kofi,131 Ly Thai To,Hoan Kiem,Hanoi
928,Kofi,231 Ly Thai To,Hoan Kiem,Hanoi
929,Kofi,865 Ly Thai To,Hoan Kiem,Hanoi
930,Kofi,492 Ly Thai To,Hoan Kiem,Hanoi
931,Kofi,920 Trang Tien,Hoan Kiem,Hanoi
932,Kofi,316 Trang Tien,Hoan Kiem,Hanoi
933,Kofi,923 Trang Tien,Hoan Kiem,Hanoi
934,Kofi,800 Trang Tien,Hoan Kiem,Hanoi
935,Kofi,175 Trang Tien,Hoan Kiem,Hanoi
936,Kofi,510 Trang Tien,Hoan Kiem,Hanoi
937,Kofi,8 Trang Tien,Hoan Kiem,Hanoi
938,Kofi,724 Trang Tien,Hoan Kiem,Hanoi
939,Kofi,204 Trang Tien,Hoan Kiem,Hanoi
940,Kofi,194 Trang Tien,Hoan Kiem,Hanoi
941,Kofi,1 Phan Chu Trinh,Hoan Kiem,Hanoi
942,Kofi,957 Phan Chu Trinh,Hoan Kiem,Hanoi
943,Kofi,809 Phan Chu Trinh,Hoan Kiem,Hanoi
944,Kofi,448 Phan Chu Trinh,Hoan Kiem,Hanoi
945,Kofi,99 Phan Chu Trinh,Hoan Kiem,Hanoi
946,Kofi,731 Phan Chu Trinh,Hoan Kiem,Hanoi
947,Kofi,909 Phan Chu Trinh,Hoan Kiem,Hanoi
948,Kofi,499 Phan Chu Trinh,Hoan Kiem,Hanoi
949,Kofi,286 Phan Chu Trinh,Hoan Kiem,Hanoi
950,Kofi,552 Phan Chu Trinh,Hoan Kiem,Hanoi
951,Kofi,980 Dinh Tien Hoang,Hoan Kiem,Hanoi
952,Kofi,728 Dinh Tien Hoang,Hoan Kiem,Hanoi
953,Kofi,221 Dinh Tien Hoang,Hoan Kiem,Hanoi
954,Kofi,502 Dinh Tien Hoang,Hoan Kiem,Hanoi
955,Kofi,328 Dinh Tien Hoang,Hoan Kiem,Hanoi
956,Kofi,684 Dinh Tien Hoang,Hoan Kiem,Hanoi
957,Kofi,491 Dinh Tien Hoang,Hoan Kiem,Hanoi
958,Kofi,970 Dinh Tien Hoang,Hoan Kiem,Hanoi
959,Kofi,405 Dinh Tien Hoang,Hoan Kiem,Hanoi
960,Kofi,4 Dinh Tien Hoang,Hoan Kiem,Hanoi
961,Kofi,531 Nguyen Xi,Hoan Kiem,Hanoi
962,Kofi,736 Nguyen Xi,Hoan Kiem,Hanoi
963,Kofi,764 Nguyen Xi,Hoan Kiem,Hanoi
964,Kofi,753 Nguyen Xi,Hoan Kiem,Hanoi
965,Kofi,530 Nguyen Xi,Hoan Kiem,Hanoi
966,Kofi,723 Nguyen Xi,Hoan Kiem,Hanoi
967,Kofi,581 Nguyen Xi,Hoan Kiem,Hanoi
968,Kofi,18 Nguyen Xi,Hoan Kiem,Hanoi
969,Kofi,289 Nguyen Xi,Hoan Kiem,Hanoi
970,Kofi,720 Nguyen Xi,Hoan Kiem,Hanoi
971,Kofi,479 Doi Can,Ba Dinh,Hanoi
972,Kofi,904 Doi Can,Ba Dinh,Hanoi
973,Kofi,498 Doi Can,Ba Dinh,Hanoi
974,Kofi,801 Doi Can,Ba Dinh,Hanoi
975,Kofi,702 Doi Can,Ba Dinh,Hanoi
976,Kofi,148 Doi Can,Ba Dinh,Hanoi
977,Kofi,70 Doi Can,Ba Dinh,Hanoi
978,Kofi,114 Doi Can,Ba Dinh,Hanoi
979,Kofi,349 Doi Can,Ba Dinh,Hanoi
980,Kofi,689 Doi Can,Ba Dinh,Hanoi
981,Kofi,289 Lang Ha,Ba Dinh,Hanoi
982,Kofi,594 Lang Ha,Ba Dinh,Hanoi
983,Kofi,272 Lang Ha,Ba Dinh,Hanoi
984,Kofi,425 Lang Ha,Ba Dinh,Hanoi
985,Kofi,384 Lang Ha,Ba Dinh,Hanoi
986,Kofi,903 Lang Ha,Ba Dinh,Hanoi
987,Kofi,83 Lang Ha,Ba Dinh,Hanoi
988,Kofi,621 Lang Ha,Ba Dinh,Hanoi
989,Kofi,281 Lang Ha,Ba Dinh,Hanoi
990,Kofi,242 Lang Ha,Ba Dinh,Hanoi
991,Kofi,882 Phan Dinh Phung,Ba Dinh,Hanoi
992,Kofi,874 Phan Dinh Phung,Ba Dinh,Hanoi
993,Kofi,842 Phan Dinh Phung,Ba Dinh,Hanoi
994,Kofi,715 Phan Dinh Phung,Ba Dinh,Hanoi
995,Kofi,34 Phan Dinh Phung,Ba Dinh,Hanoi
996,Kofi,619 Phan Dinh Phung,Ba Dinh,Hanoi
997,Kofi,833 Phan Dinh Phung,Ba Dinh,Hanoi
998,Kofi,23 Phan Dinh Phung,Ba Dinh,Hanoi
999,Kofi,477 Phan Dinh Phung,Ba Dinh,Hanoi
1000,Kofi,161 Phan Dinh Phung,Ba Dinh,Hanoi
